QID,filename
Q137393744,Midnight at Christmas proof, etching print by Arthur Craco, 1890, Prints Department of the Royal Library of Belgium, S.V 5825.jpg
Q137393747,The old rooster and his young hen, etching print by Arthur Craco, 1890, Prints Department of the Royal Library of Belgium, S.IV 29362.jpg
Q137393630,Portrait of Arthur Craco, photograph by Louis Gustave Cambier, 1938, Prints Department of the Royal Library of Belgium, S.IV 38022.jpg
Q137393631,Portrait of Arthur Craco, photograph by Louis Gustave Cambier, 1938, Prints Department of the Royal Library of Belgium, S.IV 84835.jpg
Q137393632,Portrait of Arthur Craco, photograph by Louis Gustave Cambier, 1938, Prints Department of the Royal Library of Belgium, S.IV 84834.jpg
Q137393633,Portrait of Arthur Craco, photograph by Louis Gustave Cambier, 1938, Prints Department of the Royal Library of Belgium, S.IV 84833.jpg
Q137393634,Portrait of Arthur Craco, photograph by Louis Gustave Cambier, 1938, Prints Department of the Royal Library of Belgium, S.IV 84832.jpg
Q137393635,Portrait of Arthur Craco, photograph by Louis Gustave Cambier, 1938, Prints Department of the Royal Library of Belgium, S.IV 84831.jpg
Q137393636,Portrait of Arthur Craco, photograph by Louis Gustave Cambier, 1938, Prints Department of the Royal Library of Belgium, S.IV 84830.jpg
Q137393637,Portrait of Arthur Craco, photograph by Louis Gustave Cambier, 1938, Prints Department of the Royal Library of Belgium, S.IV 84829.jpg
Q137393638,Portrait of Arthur Craco, photograph by Louis Gustave Cambier, 1938, Prints Department of the Royal Library of Belgium, S.IV 84828.jpg
Q137393639,Portrait of Arthur Craco, photograph by Louis Gustave Cambier, 1938, Prints Department of the Royal Library of Belgium, S.IV 84827.jpg
Q137393641,Portrait of Arthur Craco, photograph by Louis Gustave Cambier, 1938, Prints Department of the Royal Library of Belgium, S.IV 84826.jpg
Q137393642,The adoration of the shepherds or the nativity during the 1935 international exhibition in Brussels, photograph by Arthur Craco, 1935, Prints Department of the Royal Library of Belgium, S.IV 109166.jpg
Q137393643,The adoration of the shepherds or the nativity during the 1935 international exhibition in Brussels, photograph by Arthur Craco, 1935, Prints Department of the Royal Library of Belgium, S.IV 160165.jpg
Q137393644,Relief of faces seen from the side, photograph by Arthur Craco, 1890, Prints Department of the Royal Library of Belgium, S.IV 108867.jpg
Q137393645,Design for a well surround, photograph by Arthur Craco, 1925, Prints Department of the Royal Library of Belgium, S.IV 108866.jpg
Q137393646,Design for a well surround, photograph by Arthur Craco, 1925, Prints Department of the Royal Library of Belgium, S.IV 108865.jpg
Q137393649,The entombment of Jesus, photograph by Arthur Craco, 1900, Prints Department of the Royal Library of Belgium, S.IV 109163.jpg
Q137393650,The search for Jesus, photograph by Arthur Craco, 1900, Prints Department of the Royal Library of Belgium, S.IV 109162.jpg
Q137393651,The descent from the cross, photograph by Arthur Craco, 1900, Prints Department of the Royal Library of Belgium, S.IV 109161.jpg
Q137393652,The reunion with Jesus, photograph by Arthur Craco, 1900, Prints Department of the Royal Library of Belgium, S.IV 109160.jpg
Q137393653,The compassion of Mary, photograph by Arthur Craco, 1900, Prints Department of the Royal Library of Belgium, S.IV 109159.jpg
Q137393654,The flight into Egypt, photograph by Arthur Craco, 1900, Prints Department of the Royal Library of Belgium, S.IV 109158.jpg
Q137393655,The seven sorrows of Mary, photograph by Arthur Craco, 1900, Prints Department of the Royal Library of Belgium, S.IV 109157-109163.jpg
Q137393656,Simeon's prophecy, photograph by Arthur Craco, 1900, Prints Department of the Royal Library of Belgium, S.IV 109157.jpg
Q137393664,The nativity, photograph by Arthur Craco, 1890, Prints Department of the Royal Library of Belgium, S.IV 109151.jpg
Q137393665,The nativity, photograph by Arthur Craco, 1890, Prints Department of the Royal Library of Belgium, S.IV 109150.jpg
Q137393666,The nativity, photograph by Arthur Craco, 1890, Prints Department of the Royal Library of Belgium, S.IV 109149.jpg
Q137393667,The nativity, photograph by Arthur Craco, 1890, Prints Department of the Royal Library of Belgium, S.IV 109148.jpg
Q137393668,The nativity, photograph by Arthur Craco, 1890, Prints Department of the Royal Library of Belgium, S.IV 109147.jpg
Q137393669,The nativity, photograph by Arthur Craco, 1890, Prints Department of the Royal Library of Belgium, S.IV 109146.jpg
Q137393670,The nativity, photograph by Arthur Craco, 1890, Prints Department of the Royal Library of Belgium, S.IV 109145.jpg
Q137393671,Sculpture of Christ as a ruler, photograph by Arthur Craco, 1890, Prints Department of the Royal Library of Belgium, S.IV 109144.jpg
Q137393672,Sculpture of Jesus on a pannel, photograph by Arthur Craco, 1890, Prints Department of the Royal Library of Belgium, S.IV 109143.jpg
Q137393673,Sculpture of a kiss, photograph by Arthur Craco, 1890, Prints Department of the Royal Library of Belgium, S.IV 109142.jpg
Q137393674,Sculpture of a woman and child in a crib, photograph by Arthur Craco, 1900, Prints Department of the Royal Library of Belgium, S.IV 109141.jpg
Q137393675,Sculpture of a beggarwoman, photograph by Arthur Craco, 1890, Prints Department of the Royal Library of Belgium, S.IV 109140.jpg
Q137393676,Sculpture of a beggarwoman, photograph by Arthur Craco, 1890, Prints Department of the Royal Library of Belgium, S.IV 109139.jpg
Q137393677,Sculpture of a head, photograph by Arthur Craco, 1890, Prints Department of the Royal Library of Belgium, S.IV 109138.jpg
Q137393678,Sculpture of a bearded face, photograph by Arthur Craco, 1890, Prints Department of the Royal Library of Belgium, S.IV 109136.jpg
Q137393679,Sculpture of a smiling face, photograph by Arthur Craco, 1890, Prints Department of the Royal Library of Belgium, S.IV 109137.jpg
Q137393680,Sculpture of a face, photograph by Arthur Craco, 1890, Prints Department of the Royal Library of Belgium, S.IV 109135.jpg
Q137393681,Sculpture of a head, photograph by Arthur Craco, 1890, Prints Department of the Royal Library of Belgium, S.IV 109134.jpg
Q137393682,Fountain of cats, Andenne, photograph by Arthur Craco, 1890, Prints Department of the Royal Library of Belgium, S.IV 109133.jpg
Q137393683,Sculpture of a bulldog, photograph by Arthur Craco, 1890, Prints Department of the Royal Library of Belgium, S.IV 109132.jpg
Q137393684,Sculpture of a bird, photograph by Arthur Craco, 1890, Prints Department of the Royal Library of Belgium, S.IV 109131.jpg
Q137393686,Sculpture of a skinny dog, seen from the left, photograph by Arthur Craco, 1890, Prints Department of the Royal Library of Belgium, S.IV 109130.jpg
Q137393687,Sculpture of a skinny dog, seen from the right, photograph by Arthur Craco, 1890, Prints Department of the Royal Library of Belgium, S.IV 109129.jpg
Q137393688,Sculpture of a dog, photograph by Arthur Craco, 1890, Prints Department of the Royal Library of Belgium, S.IV 109128.jpg
Q137393690,Fountain in Andenne, Albert avenue, photograph by Arthur Craco, 1890, Prints Department of the Royal Library of Belgium, S.IV 109126.jpg
Q137393691,Ceramic sculpture of a crab, photograph by Arthur Craco, 1890, Prints Department of the Royal Library of Belgium, S.IV 109125.jpg
Q137393689,Sculpture of a head, photograph by Arthur Craco, 1890, Prints Department of the Royal Library of Belgium, S.IV 109127.jpg
Q137393692,La fontaine aux faisans, Andenne, photograph by Arthur Craco, 1913, Prints Department of the Royal Library of Belgium, S.IV 109124.jpg
Q137393693,Ceramic sculpture of a seated child, photograph by Arthur Craco, 1890, Prints Department of the Royal Library of Belgium, S.IV 109123.jpg
Q137393694,Bust of Johann Sebastian Bach, photograph by Arthur Craco, 1890, Prints Department of the Royal Library of Belgium, S.IV 109122.jpg
Q137393697,Vase, photograph by Arthur Craco, 1899, Prints Department of the Royal Library of Belgium, S.IV 109121.jpg
Q137393698,Egg-shaped vase, photograph by Arthur Craco, 1899, Prints Department of the Royal Library of Belgium, S.IV 109120.jpg
Q137393699,The flight in the storm, etching print by Arthur Craco, 1890, Prints Department of the Royal Library of Belgium, S.III 76092.jpg
Q137393700,The flight in the storm, etching print by Arthur Craco, 1890, Prints Department of the Royal Library of Belgium, S.III 76093.jpg
Q137393701,The infernal hunt (legend of the forests), etching print by Arthur Craco, 1890, Prints Department of the Royal Library of Belgium, S.IV 28687.jpg
Q137393702,The infernal hunt (legend of the forests), etching print by Arthur Craco, 1890, Prints Department of the Royal Library of Belgium, S.III 24362.jpg
Q137393703,Eagle fight, etching print by Arthur Craco, 1890, Prints Department of the Royal Library of Belgium, S.III 29999.jpg
Q137393704,Eagle fight, drawing by Arthur Craco, 1890, Prints Department of the Royal Library of Belgium, S.III 29998.jpg
Q137393705,Eagles fighting over a long-necked bird, drawing by Arthur Craco, 1890, Prints Department of the Royal Library of Belgium, S.III 62219.jpg
Q137393706,Adoration of de Magi, etching print by Arthur Craco, 1890, Prints Department of the Royal Library of Belgium, S.III 19418.jpg
Q137393707,Adoration of de Magi, lithography by Arthur Craco, 1890, Prints Department of the Royal Library of Belgium, S.III 19420.jpg
Q137393708,Adoration of de Magi: red proof, etching print by Arthur Craco, 1890, Prints Department of the Royal Library of Belgium, S.III 19419.jpg
Q137393709,Adoration of de Magi: black proof, etching print by Arthur Craco, 1890, Prints Department of the Royal Library of Belgium, S.III 19416.jpg
Q137393710,Adoration of de Magi: beige proof, etching print by Arthur Craco, 1890, Prints Department of the Royal Library of Belgium, S.III 19421.jpg
Q137393711,Adoration of de Magi: yellow proof, etching print by Arthur Craco, 1890, Prints Department of the Royal Library of Belgium, S.III 19422.jpg
Q137393712,Adoration of de Magi: grey-green proof, etching print by Arthur Craco, 1890, Prints Department of the Royal Library of Belgium, S.III 19417.jpg
Q137393713,Adoration of de Magi: grey-green proof, etching print by Arthur Craco, 1890, Prints Department of the Royal Library of Belgium, S.III 19415.jpg
The infernal hunt (legend of the forests),The infernal hunt (legend of the forests), drawing by Arthur Craco, 1890, Prints Department of the Royal Library of Belgium, S.III 24363.jpg
Q137393717,The entombment of Jesus, photograph by Arthur Craco, 1937, Prints Department of the Royal Library of Belgium, S.IV 39556.jpg
Q137393718,The descent from the cross, photograph by Arthur Craco, 1937, Prints Department of the Royal Library of Belgium, S.IV 39555.jpg
Q137393719,The compassion of Mary, photograph by Arthur Craco, 1937, Prints Department of the Royal Library of Belgium, S.IV 39554.jpg
Q137393720,The reunion with Jesus, photograph by Arthur Craco, 1937, Prints Department of the Royal Library of Belgium, S.IV 39553.jpg
Q137393721,The search for Jesus, photograph by Arthur Craco, 1937, Prints Department of the Royal Library of Belgium, S.IV 39552.jpg
Q137393722,The flight into Egypt, photograph by Arthur Craco, 1937, Prints Department of the Royal Library of Belgium, S.IV 39551.jpg
Q137393723,Simeon's prophecy, photograph by Arthur Craco, 1937, Prints Department of the Royal Library of Belgium, S.IV 39550.jpg
Q137393724,The seven sorrows of Mary, photograph by Arthur Craco, 1937, Prints Department of the Royal Library of Belgium, S.IV 39550-39556.jpg
Q137393725,La Cougnole, etching print by Arthur Craco, 1890, Prints Department of the Royal Library of Belgium, S.IV 95263.jpg
Q137393726,La Cougnole, etching print by Arthur Craco, 1890, Prints Department of the Royal Library of Belgium, S.IV 95262.jpg
Q137393727,La Cougnole, etching print by Arthur Craco, 1890, Prints Department of the Royal Library of Belgium, S.IV 95261.jpg
Q137393728,La Cougnole, etching print by Arthur Craco, 1890, Prints Department of the Royal Library of Belgium, S.IV 95260.jpg
Q137393729,The poacher, etching print by Arthur Craco, 1945, Prints Department of the Royal Library of Belgium, S.V 13538.jpg
Q137393730,The poacher, etching print by Arthur Craco, 1945, Prints Department of the Royal Library of Belgium, S.V 13539.jpg
Q137393731,The orchid knight: panel on the right, etching print by Arthur Craco, 1890, Prints Department of the Royal Library of Belgium, S.III 67150.jpg
Q137393732,The orchid knight: panel on the left, etching print by Arthur Craco, 1890, Prints Department of the Royal Library of Belgium, S.III 67148.jpg
Q137393733,The orchid knight: centre panel, etching print by Arthur Craco, 1890, Prints Department of the Royal Library of Belgium, S.III 67149.jpg
Q137393734,Forever wallonian, etching print by Arthur Craco, s.d., Prints Department of the Royal Library of Belgium, S.III 19424.jpg
Q137393737,Forever wallonian, etching print by Arthur Craco, s.d., Prints Department of the Royal Library of Belgium, S.III 19423.jpg
Q137393738,Saint Martin, etching print by Arthur Craco, 1941, Prints Department of the Royal Library of Belgium, S.IV 93745.jpg
Q137393739,Saint Martin, etching print by Arthur Craco, 1941, Prints Department of the Royal Library of Belgium, S.IV 93744.jpg
Q137393740,Saint Martin, etching print by Arthur Craco, 1941, Prints Department of the Royal Library of Belgium, S.IV 93743.jpg
Q137393741,Saint Martin, etching print by Arthur Craco, 1941, Prints Department of the Royal Library of Belgium, S.IV 93746.jpg
Q137393742,Saint Martin, etching print by Arthur Craco, 1941, Prints Department of the Royal Library of Belgium, S.IV 93747.jpg
Q137393743,Midnight at Christmas: proof, etching print by Arthur Craco, 1890, Prints Department of the Royal Library of Belgium, S.V 5826.jpg
Q137393746,The old rooster and his young hen, etching print by Arthur Craco, 1890, Prints Department of the Royal Library of Belgium, S.IV 29361.jpg
Q137393745,Midnight at Christmas, etching print by Arthur Craco, 1890, Prints Department of the Royal Library of Belgium, S.V 5824.jpg
Q137393748,Cock fight, etching print by Arthur Craco, 1890, Prints Department of the Royal Library of Belgium, S.IV 38016.jpg
Q137393749,Cock fight: version printed onto gold leaf, etching print by Arthur Craco, 1890, Prints Department of the Royal Library of Belgium, S.IV 38018.jpg
Q137393750,Rooster and hen, etching print by Arthur Craco, 1890, Prints Department of the Royal Library of Belgium, S.III 111565.jpg
Q137393751,Cock fight, etching print by Arthur Craco, 1890, Prints Department of the Royal Library of Belgium, S.III 111564.jpg
Q137393752,The beggarwoman, etching print by Arthur Craco, 1890, Prints Department of the Royal Library of Belgium, S.III 100499.jpg
Q137393753,The beggarwoman, drawing by Arthur Craco, 1890, Prints Department of the Royal Library of Belgium, S.III 100500.jpg
Q137393754,The wood gatherer, etching print by Arthur Craco, 1890, Prints Department of the Royal Library of Belgium, S.III 106413.jpg
Q137393755,The wood gatherer, etching print by Arthur Craco, 1890, Prints Department of the Royal Library of Belgium, S.IV 38015.jpg
Q137393758,The tribunal, etching print by Arthur Craco, 1890, Prints Department of the Royal Library of Belgium, S.IV 29359.jpg
Q137393759,The tribunal, drawing by Arthur Craco, 1890, Prints Department of the Royal Library of Belgium, S.IV 29360.jpg
Q137394064,Award-winning designs from the first competition for headpieces, initial letters and tailpieces, etching print by Arthur Craco, 1894, Prints Department of the Royal Library of Belgium, S.V 68886.jpg
Q137394065,Award-winning designs from the first competition for headpieces, initial letters and tailpieces, etching print by Arthur Craco, 1894, Prints Department of the Royal Library of Belgium, S.I 40314.jpg
Q137394067,Template for the statue of Saint Joseph, drawing by Arthur Craco, 1900, Prints Department of the Royal Library of Belgium, S.V 3185.jpg
Q137394068,The entombment of Christ, drawing by Arthur Craco, 1880, Prints Department of the Royal Library of Belgium, S.IV 28736.jpg
Q137394069,Jesus onThe cross, drawing by Arthur Craco, 1880, Prints Department of the Royal Library of Belgium, S.IV 28735.jpg
Q137394070,The descent fromThe cross, drawing by Arthur Craco, 1880, Prints Department of the Royal Library of Belgium, S.IV 28734.jpg
Q137394071,The reunion, drawing by Arthur Craco, 1880, Prints Department of the Royal Library of Belgium, S.IV 28733.jpg
Q137394072,The search for Jesus: template forThe Seven Sorrows ofThe Virgin, drawing by Arthur Craco, 1890, Prints Department of the Royal Library of Belgium, S.IV 28732.jpg
Q137394073,The flight into Egypt, drawing by Arthur Craco, 1880, Prints Department of the Royal Library of Belgium, S.IV 28731.jpg
Q137394074,Meeting with Simeon, drawing by Arthur Craco, 1880, Prints Department of the Royal Library of Belgium, S.IV 28730.jpg
Q137394075,Walloon forever, etching plate by Arthur Craco, s.d., Prints Department of the Royal Library of Belgium, 0696-C.jpg
Q137394076,The storm, etching plate by Arthur Craco, s.d., Prints Department of the Royal Library of Belgium, 1665-E.jpg
Q137394078,Beggar woman, etching plate by Arthur Craco, s.d., Prints Department of the Royal Library of Belgium, 1669-D.jpg
Q137394079,The legend of Saint Hubert, etching plate by Arthur Craco, s.d., Prints Department of the Royal Library of Belgium, 1663-E.jpg
Q137394080,Tribute to Liège, etching plate by Arthur Craco, s.d., Prints Department of the Royal Library of Belgium, 1668-D.jpg
Q137394081,The scarecrow, etching plate by Arthur Craco, s.d., Prints Department of the Royal Library of Belgium, 1667-D.jpg
Q137394082,The Gallic rooster, etching plate by Arthur Craco, s.d., Prints Department of the Royal Library of Belgium, 0697-C.jpg
Q137394083,Eagle fight, etching plate by Arthur Craco, s.d., Prints Department of the Royal Library of Belgium, 1662-E.jpg
Q137394084,The hellish chase, etching plate by Arthur Craco, s.d., Prints Department of the Royal Library of Belgium, 1664-E.jpg
Q137394085,The Imperial Eagles, etching plate by Arthur Craco, s.d., Prints Department of the Royal Library of Belgium, 1666-D.jpg
Q137394087,Those who don't care: end of the trilogy, etching print by Arthur Craco, 1937, Prints Department of the Royal Library of Belgium, BR IV 4013 B 3.djvu
Q137394088,Viscous ramparts, etching print by Arthur Craco, 1935, Prints Department of the Royal Library of Belgium, BR IV 4013 B 2.djvu
Q137394092,Rooster and hen, etching print by Arthur Craco, 1890, Prints Department of the Royal Library of Belgium, S.IV 38017.jpg
Q137394093,Adoration of de Magi, etching print by Arthur Craco, 1890, Prints Department of the Royal Library of Belgium, S.II 137969.jpg
Q137394095,Sculpted head of Saint Joseph, photograph by Arthur Craco, 1900, Prints Department of the Royal Library of Belgium, S.IV 103591.jpg
Q137394097,Le vieux clochard, photograph by Arthur Craco, 1900, Prints Department of the Royal Library of Belgium, S.IV 108863.jpg
Q137394098,La fontaine aux faisans, Andenne, photograph by Arthur Craco, 1890, Prints Department of the Royal Library of Belgium, S.V 906.jpg
Q137394100,La bûcheronne, etching print by Arthur Craco, 1890, Prints Department of the Royal Library of Belgium, S.IV 30263.jpg
Q137394101,The beggarwoman, etching print by Arthur Craco, 1890, Prints Department of the Royal Library of Belgium, S.IV 30262.jpg
Q137394102,Wallon-toujours, etching print by Arthur Craco, s.d., Prints Department of the Royal Library of Belgium, S.III 8782.jpg
Q137394104,The orchid knight: triptych, etching print by Arthur Craco, 1890, Prints Department of the Royal Library of Belgium, S.III 67148 à 67150.jpg
Q137394105,The beggarwoman, etching print by Arthur Craco, 1890, Prints Department of the Royal Library of Belgium, S.IV 38014.jpg
Q137394106,Le coq gaulois, etching print by Arthur Craco, 1914, Prints Department of the Royal Library of Belgium, S.III 8783.jpg
Q137394382,Muffles and birds of prey, work of art by Arthur Craco, 1900, Prints Department of the Royal Library of Belgium, .jpg
,, etching print by
Q137393756,The shepherd, etching print by Arthur Craco, 1890, Prints Department of the Royal Library of Belgium, S.III 111566.jpg
Q137393757,The tribunal: proof, etching print by Arthur Craco, 1890, Prints Department of the Royal Library of Belgium, S.IV 29358.jpg
Q137393760,The centenary song: 1830-1930, etching print by Arthur Craco, 1930, Prints Department of the Royal Library of Belgium, S.III 107014.jpg
Q137393761,The centenary song: 1830-1930, lithography by Arthur Craco, 1930, Prints Department of the Royal Library of Belgium, S.III 107016.jpg
Q137393762,Head of Christ with crown of thorns, etching print by Arthur Craco, 1890, Prints Department of the Royal Library of Belgium, S.III 107011.jpg
Q137393763,Head of Christ with crown of thorns, etching print by Arthur Craco, 1890, Prints Department of the Royal Library of Belgium, S.III 107015.jpg
Q137393764,Head of Christ with crown of thorns, etching print by Arthur Craco, 1890, Prints Department of the Royal Library of Belgium, S.III 107013.jpg
Q137393765,The bold cockerel: tribute to Liège, etching print by Arthur Craco, 1914, Prints Department of the Royal Library of Belgium, S.III 8785.jpg
Q137393766,The centenary song: 1830-1930, etching print by Arthur Craco, 1930, Prints Department of the Royal Library of Belgium, S.III 107012.jpg
Q137393767,Saint Hubert: version with only the red colour, etching print by Arthur Craco, 1949, Prints Department of the Royal Library of Belgium, S.V 22837.jpg
Q137393768,Saint Hubert, etching print by Arthur Craco, 1949, Prints Department of the Royal Library of Belgium, S.V 22839.jpg
Q137393769,Saint Hubert, etching print by Arthur Craco, 1949, Prints Department of the Royal Library of Belgium, S.V 22836.jpg
Q137393770,Saint Hubert, etching print by Arthur Craco, 1949, Prints Department of the Royal Library of Belgium, S.V 22838.jpg
Q137393771,Saint Hubert, etching print by Arthur Craco, 1949, Prints Department of the Royal Library of Belgium, S.V 22834.jpg
Q137393772,Saint Hubert, etching print by Arthur Craco, 1949, Prints Department of the Royal Library of Belgium, S.V 22835.jpg
Q137393773,Saint Hubert, etching print by Arthur Craco, 1949, Prints Department of the Royal Library of Belgium, S.V 22833.jpg
Q137393774,The scarecrow, etching print by Arthur Craco, 1914, Prints Department of the Royal Library of Belgium, S.III 8786.jpg
Q137393775,The imperial eagles, etching print by Arthur Craco, 1914, Prints Department of the Royal Library of Belgium, S.III 8784.jpg
Q137393776,The bold cockerel: tribute to Liège, etching print by Arthur Craco, 1914, Prints Department of the Royal Library of Belgium, S.III 19414.jpg
Q137393777,The bold cockerel: tribute to Liège, etching print by Arthur Craco, 1914, Prints Department of the Royal Library of Belgium, S.III 19413.jpg
Q137393778,The bold cockerel: tribute to Liège, etching print by Arthur Craco, 1914, Prints Department of the Royal Library of Belgium, S.III 19412.jpg
Q137393779,The bold cockerel: tribute to Liège, etching print by Arthur Craco, 1914, Prints Department of the Royal Library of Belgium, S.III 19411.jpg
Q137393780,Three flower wreaths, drawing by Arthur Craco, 1890, Prints Department of the Royal Library of Belgium, S.IV 109357.jpg
Q137393782,Three flower crosses, drawing by Arthur Craco, 1890, Prints Department of the Royal Library of Belgium, S.IV 109358.jpg
Q137393784,Design for a bonelike ceramic sculpture, drawing by Arthur Craco, 1890, Prints Department of the Royal Library of Belgium, S.IV 109329.jpg
Q137393785,Design for a vase, drawing by Arthur Craco, 1890, Prints Department of the Royal Library of Belgium, S.IV 109328.jpg
Q137393786,Design for a vase, drawing by Arthur Craco, 1890, Prints Department of the Royal Library of Belgium, S.IV 109327.jpg
Q137393787,Design for a flower pot with bunches of grapes, drawing by Arthur Craco, 1890, Prints Department of the Royal Library of Belgium, S.IV 109324.jpg
Q137393788,Slipper orchid, drawing by Arthur Craco, 1890, Prints Department of the Royal Library of Belgium, S.IV 109323.jpg
Q137393789,Design for a vase, drawing by Arthur Craco, 1890, Prints Department of the Royal Library of Belgium, S.IV 109310.jpg
Q137393790,Design for a vase, drawing by Arthur Craco, 1890, Prints Department of the Royal Library of Belgium, S.IV 109309.jpg
Q137393791,Designs for ceramics, drawing by Arthur Craco, 1890, Prints Department of the Royal Library of Belgium, S.IV 109307.jpg
Q137393792,Design for a strawberry bowl, drawing by Arthur Craco, 1890, Prints Department of the Royal Library of Belgium, S.IV 109308.jpg
Q137393794,Design for a bowl on a stand, drawing by Arthur Craco, 1890, Prints Department of the Royal Library of Belgium, S.IV 109306.jpg
Q137393795,Design for a vase with a face, drawing by Arthur Craco, 1890, Prints Department of the Royal Library of Belgium, S.IV 109314.jpg
Q137393796,Design for a vase, drawing by Arthur Craco, 1890, Prints Department of the Royal Library of Belgium, S.IV 109313.jpg
Q137393797,Design for a vase, drawing by Arthur Craco, 1890, Prints Department of the Royal Library of Belgium, S.IV 109312.jpg
Q137393798,Design for a flower pot, drawing by Arthur Craco, 1890, Prints Department of the Royal Library of Belgium, S.IV 109318.jpg
Q137393799,Design for a vase with a lid, drawing by Arthur Craco, 1890, Prints Department of the Royal Library of Belgium, S.IV 109319.jpg
Q137393800,Designs for a vase and a serving stand, drawing by Arthur Craco, 1890, Prints Department of the Royal Library of Belgium, S.IV 109342.jpg
Q137393802,Designs for ceramics, drawing by Arthur Craco, 1890, Prints Department of the Royal Library of Belgium, S.IV 109344.jpg
Q137393801,Designs for a vase and a flower pot, drawing by Arthur Craco, 1890, Prints Department of the Royal Library of Belgium, S.IV 109343.jpg
Q137393804,Designs for ceramics, drawing by Arthur Craco, 1890, Prints Department of the Royal Library of Belgium, S.IV 109364.jpg
Q137393805,Designs for ceramics, drawing by Arthur Craco, 1890, Prints Department of the Royal Library of Belgium, S.IV 109340.jpg
Q137393806,Designs for ceramics, drawing by Arthur Craco, 1890, Prints Department of the Royal Library of Belgium, S.IV 109361.jpg
Q137393807,Designs for ceramics, drawing by Arthur Craco, 1890, Prints Department of the Royal Library of Belgium, S.IV 109333.jpg
Q137393808,Design for a flower pot, drawing by Arthur Craco, 1890, Prints Department of the Royal Library of Belgium, S.IV 109322.jpg
Q137393809,Design for a flower pot, drawing by Arthur Craco, 1890, Prints Department of the Royal Library of Belgium, S.IV 109321.jpg
Q137393810,Designs for four vases, drawing by Arthur Craco, 1890, Prints Department of the Royal Library of Belgium, S.IV 109352.jpg
Q137393811,Designs for three red vases with blue flowers, drawing by Arthur Craco, 1890, Prints Department of the Royal Library of Belgium, S.IV 109363.jpg
Q137393812,Design for a black vase with blue flowers, drawing by Arthur Craco, 1890, Prints Department of the Royal Library of Belgium, S.IV 109326.jpg
Q137393813,Design for a vase, drawing by Arthur Craco, 1890, Prints Department of the Royal Library of Belgium, S.IV 109360.jpg
Q137393814,Designs for two vases and a jug, drawing by Arthur Craco, 1890, Prints Department of the Royal Library of Belgium, S.IV 109351.jpg
Q137393815,Design for a vase with leaning figures, drawing by Arthur Craco, 1890, Prints Department of the Royal Library of Belgium, S.IV 109317.jpg
Q137393816,Design for a vase, drawing by Arthur Craco, 1890, Prints Department of the Royal Library of Belgium, S.IV 109316.jpg
Q137393817,Design for a vase with a face, drawing by Arthur Craco, 1890, Prints Department of the Royal Library of Belgium, S.IV 109353.jpg
Q137393818,Designs for two vases, drawing by Arthur Craco, 1890, Prints Department of the Royal Library of Belgium, S.IV 109337.jpg
Q137393819,Design for a flower pot, drawing by Arthur Craco, 1890, Prints Department of the Royal Library of Belgium, S.IV 109341.jpg
Q137393820,Design for a jug with figures, drawing by Arthur Craco, 1890, Prints Department of the Royal Library of Belgium, S.IV 109320.jpg
Q137393821,Design for a vase with two openings, drawing by Arthur Craco, 1890, Prints Department of the Royal Library of Belgium, S.IV 109362.jpg
Q137393824,Bunch of grapes, drawing by Arthur Craco, 1890, Prints Department of the Royal Library of Belgium, S.IV 109362.jpg
Q137393825,Design for a vase or jug, drawing by Arthur Craco, 1890, Prints Department of the Royal Library of Belgium, S.IV 109350.jpg
Q137393826,Design for a decorative bucket, drawing by Arthur Craco, 1890, Prints Department of the Royal Library of Belgium, S.IV 109349.jpg
Q137393827,Two designs for a dragon sculpture, drawing by Arthur Craco, 1890, Prints Department of the Royal Library of Belgium, S.IV 109345.jpg
Q137393828,A face, drawing by Arthur Craco, 1890, Prints Department of the Royal Library of Belgium, S.IV 109315.jpg
Q137393829,Design for a sunflower bowl, drawing by Arthur Craco, 1890, Prints Department of the Royal Library of Belgium, S.IV 109338.jpg
Q137393830,Vulture catching a fish, within a circle, drawing by Arthur Craco, 1890, Prints Department of the Royal Library of Belgium, S.IV 109358 bis.jpg
Q137393831,Unfinished circular design for ceramic, drawing by Arthur Craco, 1890, Prints Department of the Royal Library of Belgium, S.IV 109339.jpg
Q137393832,Design for a flower pot or chalice, drawing by Arthur Craco, 1890, Prints Department of the Royal Library of Belgium, S.IV 109356.jpg
Q137393833,Design for a vase, drawing by Arthur Craco, 1890, Prints Department of the Royal Library of Belgium, S.IV 109348.jpg
Q137393834,Design for a vase, drawing by Arthur Craco, 1890, Prints Department of the Royal Library of Belgium, S.IV 109330.jpg
Q137393835,Design for a vase with a dragon, drawing by Arthur Craco, 1890, Prints Department of the Royal Library of Belgium, S.IV 109311.jpg
Q137393838,Design for a flower bowl, drawing by Arthur Craco, 1890, Prints Department of the Royal Library of Belgium, S.IV 109332.jpg
Q137393839,Design for an oil lamp on a standard, drawing by Arthur Craco, 1890, Prints Department of the Royal Library of Belgium, S.IV 109355.jpg
Q137393836,Design for a vase with faces, drawing by Arthur Craco, 1890, Prints Department of the Royal Library of Belgium, S.IV 109346.jpg
Q137393837,Design for a jug in the shape of a figure in a flowing garment, drawing by Arthur Craco, 1890, Prints Department of the Royal Library of Belgium, S.IV 109359.jpg
Q137393840,Design for a jug with grapes, drawing by Arthur Craco, 1890, Prints Department of the Royal Library of Belgium, S.IV 109336.jpg
Q137393841,Design for a flower pot, drawing by Arthur Craco, 1890, Prints Department of the Royal Library of Belgium, S.IV 109331.jpg
Q137393842,Design for a flower pot, drawing by Arthur Craco, 1890, Prints Department of the Royal Library of Belgium, S.IV 109346.jpg
Q137393843,Design for a jug, drawing by Arthur Craco, 1890, Prints Department of the Royal Library of Belgium, S.IV 109353.jpg
Q137393844,Design for a vase, drawing by Arthur Craco, 1890, Prints Department of the Royal Library of Belgium, S.IV 109325.jpg
Q137393845,Design for a vase, drawing by Arthur Craco, 1890, Prints Department of the Royal Library of Belgium, S.IV 109347.jpg
Q137393846,Design for a blue flower ornament, drawing by Arthur Craco, 1890, Prints Department of the Royal Library of Belgium, S.IV 109335.jpg
Q137393847,Design for a pilllar with a holy figure, drawing by Arthur Craco, 1890, Prints Department of the Royal Library of Belgium, S.IV 109354.jpg
Q137393848,Design for a heavy bottom vase, drawing by Arthur Craco, 1890, Prints Department of the Royal Library of Belgium, S.IV 109334.jpg
Q137393849,Cahier de dessin, drawing by Arthur Craco, 1890, Prints Department of the Royal Library of Belgium, S.IV 109378-109385.djvu
Q137393850,Cahier de dessin, drawing by Arthur Craco, 1890, Prints Department of the Royal Library of Belgium, S.IV 109365-109377.djvu
Q137393851,Ceramics 67-90, photograph by Léon Frémault, 1903, Prints Department of the Royal Library of Belgium, S.IV 109302.jpg
Q137393854,Ceramics 5-19, photograph by Léon Frémault, 1903, Prints Department of the Royal Library of Belgium, S.IV 109305.jpg
Q137393960,Designs for ceramics (recto), drawing by Arthur Craco, 1890, Prints Department of the Royal Library of Belgium, S.IV 109230.jpg
Q137393961,Designs for a bowl (recto), drawing by Arthur Craco, 1890, Prints Department of the Royal Library of Belgium, S.IV 109225.jpg
Q137393964,Design for a ceramic basket, drawing by Arthur Craco, 1890, Prints Department of the Royal Library of Belgium, S.IV 109233.jpg
Q137393965,Design for a ceramic basket, drawing by Arthur Craco, 1890, Prints Department of the Royal Library of Belgium, S.IV 109226.jpg
Q137393966,Designs for round ceramics, drawing by Arthur Craco, 1890, Prints Department of the Royal Library of Belgium, S.IV 109232.jpg
Q137393967,Drooping tulip in a vase, designs for a vases (recto), drawing by Arthur Craco, 1890, Prints Department of the Royal Library of Belgium, S.IV 109236.jpg
Q137393969,Drooping tulip in a vase, design for a vase, drawing by Arthur Craco, 1890, Prints Department of the Royal Library of Belgium, S.IV 109237.jpg
Q137393970,Design for a vase, drawing by Arthur Craco, 1890, Prints Department of the Royal Library of Belgium, S.IV 109238.jpg
Q137393971,Designs for ceramics, drawing by Arthur Craco, 1890, Prints Department of the Royal Library of Belgium, S.IV 109239.jpg
Q137393972,Designs for ceramics (recto), drawing by Arthur Craco, 1890, Prints Department of the Royal Library of Belgium, S.IV 109240.jpg
Q137393973,Designs for ceramics (recto), drawing by Arthur Craco, 1890, Prints Department of the Royal Library of Belgium, S.IV 109241.jpg
Q137393974,Design for a vase with the image of a wave, drawing by Arthur Craco, 1890, Prints Department of the Royal Library of Belgium, S.IV 109252.jpg
Q137393975,Designs for ceramics (recto), drawing by Arthur Craco, 1890, Prints Department of the Royal Library of Belgium, S.IV 109235.jpg
Q137393976,Designs for ceramics (recto), drawing by Arthur Craco, 1890, Prints Department of the Royal Library of Belgium, S.IV 109234.jpg
Q137393977,Designs for a tortoise teapot, drawing by Arthur Craco, 1890, Prints Department of the Royal Library of Belgium, S.IV 109204.jpg
Q137393978,Designs for ornaments, drawing by Arthur Craco, 1890, Prints Department of the Royal Library of Belgium, S.IV 109208.jpg
Q137393979,Five designs for ceramics, drawing by Arthur Craco, 1890, Prints Department of the Royal Library of Belgium, S.IV 109200.jpg
Q137393982,Design for a vase, drawing by Arthur Craco, 1890, Prints Department of the Royal Library of Belgium, S.IV 109202.jpg
Q137393983,Design for a vase, drawing by Arthur Craco, 1890, Prints Department of the Royal Library of Belgium, S.IV 109228.jpg
Q137393980,Design for a vase with an image of three figures, drawing by Arthur Craco, 1890, Prints Department of the Royal Library of Belgium, S.IV 109203.jpg
Q137393981,Sketch of exotic birds (verso), design for a vase, drawing by Arthur Craco, 1890, Prints Department of the Royal Library of Belgium, S.IV 109207.jpg
Q137393984,Design for a vase, drawing by Arthur Craco, 1890, Prints Department of the Royal Library of Belgium, S.IV 109229.jpg
Q137393985,Design for a vase, drawing by Arthur Craco, 1890, Prints Department of the Royal Library of Belgium, S.IV 109227.jpg
Q137393986,Design for a flower pot, drawing by Arthur Craco, 1890, Prints Department of the Royal Library of Belgium, S.IV 109205.jpg
Q137393987,Design for a sculpture of a crying face, drawing by Arthur Craco, 1890, Prints Department of the Royal Library of Belgium, S.IV 109206.jpg
Q137393988,Design for an anthurium vase, drawing by Arthur Craco, 1890, Prints Department of the Royal Library of Belgium, S.IV 109259.jpg
Q137393989,Fruit with a face, drawing by Arthur Craco, 1890, Prints Department of the Royal Library of Belgium, S.IV 109258.jpg
Q137393990,Design for a sculpture of an owl, drawing by Arthur Craco, 1890, Prints Department of the Royal Library of Belgium, S.IV 109253.jpg
Q137393991,Design for a vase or decanter, drawing by Arthur Craco, 1890, Prints Department of the Royal Library of Belgium, S.IV 109214.jpg
Q137393992,Design for a vase, drawing by Arthur Craco, 1890, Prints Department of the Royal Library of Belgium, S.IV 109213.jpg
Q137393993,Design for a sculpture of a rooster, designs for ornamental ceramics, drawing by Arthur Craco, 1890, Prints Department of the Royal Library of Belgium, S.IV 109218.jpg
Q137393995,A cat (verso), design for a vase, drawing by Arthur Craco, 1890, Prints Department of the Royal Library of Belgium, S.IV 109231.jpg
Q137393996,An arm, design for a wavy pot with lid, drawing by Arthur Craco, 1890, Prints Department of the Royal Library of Belgium, S.IV 109215.jpg
Q137393997,Sleeping cat (verso), design for a fishlike sculpture, drawing by Arthur Craco, 1890, Prints Department of the Royal Library of Belgium, S.IV 109211.jpg
Q137393998,Design for a pot with a lid, drawing by Arthur Craco, 1890, Prints Department of the Royal Library of Belgium, S.IV 109219.jpg
Q137393999,Design for a vase and a trefoil motif, drawing by Arthur Craco, 1890, Prints Department of the Royal Library of Belgium, S.IV 109220.jpg
Q137394000,Design for a vase with an elongated opening, drawing by Arthur Craco, 1890, Prints Department of the Royal Library of Belgium, S.IV 109217.jpg
Q137394001,Design for a ceramic jug or vase, drawing by Arthur Craco, 1890, Prints Department of the Royal Library of Belgium, S.IV 109216.jpg
Q137394002,Design for a vase, drawing by Arthur Craco, 1890, Prints Department of the Royal Library of Belgium, S.IV 109221.jpg
Q137394003,Design for a decorative bowl, drawing by Arthur Craco, 1890, Prints Department of the Royal Library of Belgium, S.IV 109209.jpg
Q137394004,Design for a flower pot, drawing by Arthur Craco, 1890, Prints Department of the Royal Library of Belgium, S.IV 109210.jpg
Q137394005,Design for a tulip vase, drawing by Arthur Craco, 1890, Prints Department of the Royal Library of Belgium, S.IV 109212.jpg
Q137394006,Pumpkin, drawing by Arthur Craco, 1890, Prints Department of the Royal Library of Belgium, S.IV 109248.jpg
Q137394007,Designs for vases (recto), drawing by Arthur Craco, 1890, Prints Department of the Royal Library of Belgium, S.IV 109246.jpg
Q137394008,Design for a vase, drawing by Arthur Craco, 1890, Prints Department of the Royal Library of Belgium, S.IV 109244.jpg
Q137394009,Designs for ceramics, drawing by Arthur Craco, 1890, Prints Department of the Royal Library of Belgium, S.IV 109243.jpg
Q137394010,Designs for ceramics (recto), drawing by Arthur Craco, 1890, Prints Department of the Royal Library of Belgium, S.IV 109245.jpg
Q137394011,Designs for ceramics (recto), drawing by Arthur Craco, 1890, Prints Department of the Royal Library of Belgium, S.IV 109242.jpg
Q137394012,Design for a candleholder, drawing by Arthur Craco, 1890, Prints Department of the Royal Library of Belgium, S.IV 109255.jpg
Q137394013,Design for a sunflower bowl, drawing by Arthur Craco, 1890, Prints Department of the Royal Library of Belgium, S.IV 109257.jpg
Q137394014,Design for a leafy teapot, drawing by Arthur Craco, 1890, Prints Department of the Royal Library of Belgium, S.IV 109256.jpg
Q137394015,Design for a red and green vase, drawing by Arthur Craco, 1890, Prints Department of the Royal Library of Belgium, S.IV 109254.jpg
Q137394018,The descent from the Cross, drawing by Arthur Craco, 1880, Prints Department of the Royal Library of Belgium, S.IV 28762.jpg
Q137393953,Stork frame, drawing by Arthur Craco, 1890, Prints Department of the Royal Library of Belgium, S.IV 109192.jpg
Q137393956,Design for a door frame, drawing by Arthur Craco, 1890, Prints Department of the Royal Library of Belgium, S.IV 109249.jpg
Q137393957,Designs for ornamentation (recto), drawing by Arthur Craco, 1890, Prints Department of the Royal Library of Belgium, S.IV 109201.jpg
Q137393959,Designs for candlestick holders and covered pots, drawing by Arthur Craco, 1890, Prints Department of the Royal Library of Belgium, S.IV 109224.jpg
Q137393962,Designs for flower pots (recto), drawing by Arthur Craco, 1890, Prints Department of the Royal Library of Belgium, S.IV 109223.jpg
Q137393963,Designs for curtain rod end caps and flower pots (recto), drawing by Arthur Craco, 1890, Prints Department of the Royal Library of Belgium, S.IV 109222.jpg
Q137394016,The entombment of Christ, drawing by Arthur Craco, 1880, Prints Department of the Royal Library of Belgium, S.IV 28764.jpg
Q137394017,The entombment of Christ, drawing by Arthur Craco, 1880, Prints Department of the Royal Library of Belgium, S.IV 28763.jpg
Q137394019,The descent from the Cross, drawing by Arthur Craco, 1880, Prints Department of the Royal Library of Belgium, S.IV 28761.jpg
Q137394020,The descent from the Cross, drawing by Arthur Craco, 1880, Prints Department of the Royal Library of Belgium, S.IV 28760.jpg
Q137394021,Jesus on the cross, drawing by Arthur Craco, 1880, Prints Department of the Royal Library of Belgium, S.IV 28759.jpg
Q137394022,Jesus on the cross, drawing by Arthur Craco, 1880, Prints Department of the Royal Library of Belgium, S.IV 28758.jpg
Q137394023,Jesus on the cross, drawing by Arthur Craco, 1880, Prints Department of the Royal Library of Belgium, S.IV 28757.jpg
Q137394024,Jesus on the cross, drawing by Arthur Craco, 1880, Prints Department of the Royal Library of Belgium, S.IV 28756.jpg
Q137394025,The reunion, drawing by Arthur Craco, 1880, Prints Department of the Royal Library of Belgium, S.IV 28755.jpg
Q137394026,The reunion, drawing by Arthur Craco, 1880, Prints Department of the Royal Library of Belgium, S.IV 28754.jpg
Q137394027,The reunion, drawing by Arthur Craco, 1880, Prints Department of the Royal Library of Belgium, S.IV 28753.jpg
Q137394028,The reunion, drawing by Arthur Craco, 1880, Prints Department of the Royal Library of Belgium, S.IV 28752.jpg
Q137394029,The reunion, drawing by Arthur Craco, 1880, Prints Department of the Royal Library of Belgium, S.IV 28751.jpg
Q137394030,The reunion, drawing by Arthur Craco, 1880, Prints Department of the Royal Library of Belgium, S.IV 28750.jpg
Q137394031,The reunion, drawing by Arthur Craco, 1880, Prints Department of the Royal Library of Belgium, S.IV 28749.jpg
Q137394032,The reunion, drawing by Arthur Craco, 1880, Prints Department of the Royal Library of Belgium, S.IV 28748.jpg
Q137394034,The search for Jesus, drawing by Arthur Craco, 1880, Prints Department of the Royal Library of Belgium, S.IV 28747.jpg
Q137394035,The search for Jesus, drawing by Arthur Craco, 1880, Prints Department of the Royal Library of Belgium, S.IV 28746.jpg
Q137394036,The flight into Egypt, drawing by Arthur Craco, 1880, Prints Department of the Royal Library of Belgium, S.IV 28745.jpg
Q137394037,The flight into Egypt, drawing by Arthur Craco, 1880, Prints Department of the Royal Library of Belgium, S.IV 28744.jpg
Q137394038,The flight into Egypt, drawing by Arthur Craco, 1880, Prints Department of the Royal Library of Belgium, S.IV 28743.jpg
Q137394039,The flight into Egypt, drawing by Arthur Craco, 1880, Prints Department of the Royal Library of Belgium, S.IV 28742.jpg
Q137394040,Prediction of Simeon, drawing by Arthur Craco, 1880, Prints Department of the Royal Library of Belgium, S.IV 28741.jpg
Q137394041,Prediction of Simeon, drawing by Arthur Craco, 1880, Prints Department of the Royal Library of Belgium, S.IV 28740.jpg
Q137394042,Prediction of Simeon, drawing by Arthur Craco, 1880, Prints Department of the Royal Library of Belgium, S.IV 28739.jpg
Q137394043,Rencontre de Simeon, drawing by Arthur Craco, 1880, Prints Department of the Royal Library of Belgium, S.IV 28738.jpg
Q137394044,The seven sorrows of Mary, drawing by Arthur Craco, s.d., Prints Department of the Royal Library of Belgium, S.IV 28730-28764.jpg
Q137394045,Rencontre de Simeon, drawing by Arthur Craco, 1880, Prints Department of the Royal Library of Belgium, S.IV 28737.jpg
Q137394046,Forever wallonian, drawing by Arthur Craco, 1880, Prints Department of the Royal Library of Belgium, S.III 16783.jpg
Q137394047,The Gallic rooster, drawing by Arthur Craco, 1880, Prints Department of the Royal Library of Belgium, S.III 16782.jpg
Q137394048,Coq, drawing by Arthur Craco, 1880, Prints Department of the Royal Library of Belgium, S.III 16784.jpg
Q137394050,The little communicant, drawing by Arthur Craco, 1917, Prints Department of the Royal Library of Belgium, S.III 45088.jpg
Q137394051,Pensive: blue part, etching print by Arthur Craco, 1944, Prints Department of the Royal Library of Belgium, S.V 901.jpg
Q137393852,Ceramics 35-44, photograph by Léon Frémault, 1903, Prints Department of the Royal Library of Belgium, S.IV 109304.jpg
Q137393853,Ceramics 20-34, photograph by Léon Frémault, 1903, Prints Department of the Royal Library of Belgium, S.IV 109300.jpg
Q137393855,Ceramics 5-19, photograph by Léon Frémault, 1903, Prints Department of the Royal Library of Belgium, S.IV 109303.jpg
Q137393856,Ceramics 1-4, photograph by Léon Frémault, 1903, Prints Department of the Royal Library of Belgium, S.IV 109301.jpg
Q137393857,Design for a ceramic ornament, drawing by Arthur Craco, 1890, Prints Department of the Royal Library of Belgium, S.IV 109267.jpg
Q137393858,Design for a vase, drawing by Arthur Craco, 1890, Prints Department of the Royal Library of Belgium, S.IV 109266.jpg
Q137393859,Design for a flower vase, drawing by Arthur Craco, 1890, Prints Department of the Royal Library of Belgium, S.IV 109265.jpg
Q137393862,Design for a vase, drawing by Arthur Craco, 1890, Prints Department of the Royal Library of Belgium, S.IV 109282.jpg
Q137393863,Design for a flower ornament, drawing by Arthur Craco, 1890, Prints Department of the Royal Library of Belgium, S.IV 109281.jpg
Q137393864,Design for a vase, drawing by Arthur Craco, 1890, Prints Department of the Royal Library of Belgium, S.IV 109280.jpg
Q137393865,Design for a flower pot, drawing by Arthur Craco, 1890, Prints Department of the Royal Library of Belgium, S.IV 109287.jpg
Q137393866,Design for a jug with a figure on the side, drawing by Arthur Craco, 1890, Prints Department of the Royal Library of Belgium, S.IV 109286.jpg
Q137393868,Design for a vase, drawing by Arthur Craco, 1890, Prints Department of the Royal Library of Belgium, S.IV 109285.jpg
Q137393869,Design for a vase, drawing by Arthur Craco, 1890, Prints Department of the Royal Library of Belgium, S.IV 109284.jpg
Q137393870,Design for a pot with a lid, drawing by Arthur Craco, 1890, Prints Department of the Royal Library of Belgium, S.IV 109271.jpg
Q137393871,Design for a flower bowl, drawing by Arthur Craco, 1890, Prints Department of the Royal Library of Belgium, S.IV 109270.jpg
Q137393872,Design for a fish vase, drawing by Arthur Craco, 1890, Prints Department of the Royal Library of Belgium, S.IV 109369.jpg
Q137393873,Design for an ornamented rectangular item, drawing by Arthur Craco, 1890, Prints Department of the Royal Library of Belgium, S.IV 109290.jpg
Q137393874,Design for a flower pot, drawing by Arthur Craco, 1890, Prints Department of the Royal Library of Belgium, S.IV 109289.jpg
Q137393875,Designs for vases, drawing by Arthur Craco, 1890, Prints Department of the Royal Library of Belgium, S.IV 109268.jpg
Q137393876,Design for a vase, drawing by Arthur Craco, 1890, Prints Department of the Royal Library of Belgium, S.IV 109279.jpg
Q137393877,Design for a red and green vase, drawing by Arthur Craco, 1890, Prints Department of the Royal Library of Belgium, S.IV 109278.jpg
Q137393878,Design for a flower bowl, drawing by Arthur Craco, 1890, Prints Department of the Royal Library of Belgium, S.IV 109277.jpg
Q137393879,Design for a bowl or ornament with a face, drawing by Arthur Craco, 1890, Prints Department of the Royal Library of Belgium, S.IV 109264.jpg
Q137393882,Design for a leafy vase, drawing by Arthur Craco, 1890, Prints Department of the Royal Library of Belgium, S.IV 109261.jpg
Q137394049,Chat, drawing by Arthur Craco, 1880, Prints Department of the Royal Library of Belgium, S.III 16785.jpg
Q137394052,Pensive: green part, etching print by Arthur Craco, 1944, Prints Department of the Royal Library of Belgium, S.V 905.jpg
Q137394053,Pensive: orange part, etching print by Arthur Craco, 1944, Prints Department of the Royal Library of Belgium, S.V 902.jpg
Q137394054,Pensive: beige part, etching print by Arthur Craco, 1944, Prints Department of the Royal Library of Belgium, S.V 900.jpg
Q137394055,Pensive, etching print by Arthur Craco, 1944, Prints Department of the Royal Library of Belgium, S.V 904.jpg
Q137394056,Pensive, etching print by Arthur Craco, 1944, Prints Department of the Royal Library of Belgium, S.V 903.jpg
Q137394057,Young tiger playing with its mother, etching print by Arthur Craco, 1890, Prints Department of the Royal Library of Belgium, S.III 55603.jpg
Q137394058,Old miner, etching print by Arthur Craco, 1943, Prints Department of the Royal Library of Belgium, S.IV 109422.jpg
Q137394059,Old miner, etching print by Arthur Craco, 1944, Prints Department of the Royal Library of Belgium, S.V 665.jpg
Q137394060,Old beggarwoman, etching print by Arthur Craco, 1943, Prints Department of the Royal Library of Belgium, S.IV 109425.jpg
Q137394061,Old beggarwoman, etching print by Arthur Craco, 1943, Prints Department of the Royal Library of Belgium, S.IV 109424.jpg
Q137394062,Old beggarwoman, etching print by Arthur Craco, 1944, Prints Department of the Royal Library of Belgium, S.V 664.jpg
Q137394063,Old beggarwoman, etching print by Arthur Craco, s.d., Prints Department of the Royal Library of Belgium, S.IV 109423.jpg
Q137394066,Pattern for the well exhibited at the decorative arts exhibition in Paris in 1925, drawing by Arthur Craco, 1925, Prints Department of the Royal Library of Belgium, S.III 68352.jpg
Q137393880,Design for a flower vase with bulbs, drawing by Arthur Craco, 1890, Prints Department of the Royal Library of Belgium, S.IV 109263.jpg
Q137393881,Design for a bowl or piece of sculpture, drawing by Arthur Craco, 1890, Prints Department of the Royal Library of Belgium, S.IV 109262.jpg
Q137393883,Design for a vase, drawing by Arthur Craco, 1890, Prints Department of the Royal Library of Belgium, S.IV 109260.jpg
Q137393884,Design for a vase, drawing by Arthur Craco, 1890, Prints Department of the Royal Library of Belgium, S.IV 109276.jpg
Q137393885,Design for a vase, drawing by Arthur Craco, 1890, Prints Department of the Royal Library of Belgium, S.IV 109275.jpg
Q137393886,Design for a vase, drawing by Arthur Craco, 1890, Prints Department of the Royal Library of Belgium, S.IV 109274.jpg
Q137393888,Design for a peacock vase, drawing by Arthur Craco, 1890, Prints Department of the Royal Library of Belgium, S.IV 109272.jpg
Q137393889,Design for a vase, drawing by Arthur Craco, 1890, Prints Department of the Royal Library of Belgium, S.IV 109288.jpg
Q137393890,Design for a cup, drawing by Arthur Craco, 1890, Prints Department of the Royal Library of Belgium, S.IV 109273.jpg
Q137393891,Design for a bowl, drawing by Arthur Craco, 1890, Prints Department of the Royal Library of Belgium, S.IV 109283.jpg
Q137393892,Display of art nouveau vases, photograph by Arthur Craco, 1890, Prints Department of the Royal Library of Belgium, S.IV 109291.jpg
Q137393893,Display of art nouveau vases, photograph by Arthur Craco, 1890, Prints Department of the Royal Library of Belgium, S.IV 109293.jpg
Q137393894,Display of art nouveau vases, photograph by Arthur Craco, 1890, Prints Department of the Royal Library of Belgium, S.IV 109292.jpg
Q137393895,Display of art nouveau vases, photograph by Arthur Craco, 1890, Prints Department of the Royal Library of Belgium, S.IV 109299.jpg
Q137393896,Ceramics 124-145, photograph by Léon Frémault, 1903, Prints Department of the Royal Library of Belgium, S.IV 109295.jpg
Q137393897,Ceramics 91-123, photograph by Léon Frémault, 1903, Prints Department of the Royal Library of Belgium, S.IV 109298.jpg
Q137393898,Ceramics 35-44, photograph by Léon Frémault, 1903, Prints Department of the Royal Library of Belgium, S.IV 109296.jpg
Q137393899,Ceramics 20-34, photograph by Léon Frémault, 1903, Prints Department of the Royal Library of Belgium, S.IV 109297.jpg
Q137393901,Ceramics 1-4, photograph by Léon Frémault, 1903, Prints Department of the Royal Library of Belgium, S.IV 109294.jpg
Q137393902,Definitive composition for the fountain executed in Andenne, drawing by Arthur Craco, 1900, Prints Department of the Royal Library of Belgium, S.IV 88623.jpg
Q137393903,Holy water font made of porcelain stoneware for St. Brigitte's Church, drawing by Arthur Craco, 1930, Prints Department of the Royal Library of Belgium, S.IV 88621.jpg
Q137393904,Annunciation to the shepherds, drawing by Arthur Craco, 1890, Prints Department of the Royal Library of Belgium, S.III 35878.jpg
Q137393905,Annunciation to the Virgin Mary, drawing by Arthur Craco, 1890, Prints Department of the Royal Library of Belgium, S.III 35879.jpg
Q137393906,The peacock, drawing by Arthur Craco, 1890, Prints Department of the Royal Library of Belgium, S.III 10817.jpg
Q137393907,Cock fight, drawing by Arthur Craco, 1890, Prints Department of the Royal Library of Belgium, S.III 16786.jpg
Q137393908,Saint Hubert, drawing by Arthur Craco, 1890, Prints Department of the Royal Library of Belgium, S.III 109398.jpg
Q137393909,The orchid knight, drawing by Arthur Craco, 1890, Prints Department of the Royal Library of Belgium, S.III 40011.jpg
Q137393910,The adoration of the angels, drawing by Arthur Craco, 1890, Prints Department of the Royal Library of Belgium, S.III 30706.jpg
Q137393911,The holy women in prayer, drawing by Arthur Craco, 1890, Prints Department of the Royal Library of Belgium, S.III 40012.jpg
Q137393912,The long-haired collie, drawing by Arthur Craco, 1890, Prints Department of the Royal Library of Belgium, S.III 107509.jpg
Q137393913,Ducks, drawing by Arthur Craco, 1890, Prints Department of the Royal Library of Belgium, S.III 107510.jpg
Q137393914,The beggarwoman, drawing by Arthur Craco, 1890, Prints Department of the Royal Library of Belgium, S.III 10816.jpg
Q137393915,Rooster and hen, drawing by Arthur Craco, 1890, Prints Department of the Royal Library of Belgium, S.III 10819.jpg
Q137393916,Golden pheasants, drawing by Arthur Craco, 1890, Prints Department of the Royal Library of Belgium, S.III 10818.jpg
Q137393918,Designs for ceramics, drawing by Arthur Craco, 1890, Prints Department of the Royal Library of Belgium, S.IV 109190.jpg
Q137393919,Designs for flower pots, drawing by Arthur Craco, 1890, Prints Department of the Royal Library of Belgium, S.IV 109188.jpg
Q137393917,Design for a flower pot, drawing by Arthur Craco, 1890, Prints Department of the Royal Library of Belgium, S.IV 109191.jpg
Q137393920,Design for a vase, drawing by Arthur Craco, 1890, Prints Department of the Royal Library of Belgium, S.IV 109198.jpg
Q137393921,Design for a vase, drawing by Arthur Craco, 1890, Prints Department of the Royal Library of Belgium, S.IV 109195.jpg
Q137393922,Designs for jugs, and heads, drawing by Arthur Craco, 1890, Prints Department of the Royal Library of Belgium, S.IV 109177.jpg
Q137393923,Design for a vase, drawing by Arthur Craco, 1890, Prints Department of the Royal Library of Belgium, S.IV 109175.jpg
Q137393924,Design for a flower pot, drawing by Arthur Craco, 1890, Prints Department of the Royal Library of Belgium, S.IV 109174.jpg
Q137393925,Designs for flower pots, drawing by Arthur Craco, 1890, Prints Department of the Royal Library of Belgium, S.IV 109176.jpg
Q137393926,Design for a candle holder, drawing by Arthur Craco, 1890, Prints Department of the Royal Library of Belgium, S.IV 109197.jpg
Q137393927,Design for a jug, drawing by Arthur Craco, 1890, Prints Department of the Royal Library of Belgium, S.IV 109181.jpg
Q137393928,Design for ornamention, drawing by Arthur Craco, 1890, Prints Department of the Royal Library of Belgium, S.IV 109179.jpg
Q137393929,Design for ornamention, drawing by Arthur Craco, 1890, Prints Department of the Royal Library of Belgium, S.IV 109178.jpg
Q137393930,Design for an ornamental duck, drawing by Arthur Craco, 1890, Prints Department of the Royal Library of Belgium, S.IV 109167.jpg
Q137393931,Design for a black and purple vase, drawing by Arthur Craco, 1890, Prints Department of the Royal Library of Belgium, S.IV 109170.jpg
Q137393932,Design for a vase, drawing by Arthur Craco, 1890, Prints Department of the Royal Library of Belgium, S.IV 109173.jpg
Q137393933,Design for a bowl, drawing by Arthur Craco, 1890, Prints Department of the Royal Library of Belgium, S.IV 109193.jpg
Q137393934,Designs for bulbous ceramics, drawing by Arthur Craco, 1890, Prints Department of the Royal Library of Belgium, S.IV 109199.jpg
Q137393935,Design for a vase, drawing by Arthur Craco, 1890, Prints Department of the Royal Library of Belgium, S.IV 109197.jpg
Q137393936,Design for a vase, drawing by Arthur Craco, 1890, Prints Department of the Royal Library of Belgium, S.IV 109196.jpg
Q137393937,Design for a vase, drawing by Arthur Craco, 1890, Prints Department of the Royal Library of Belgium, S.IV 109172.jpg
Q137393938,Design for a blue candle holder, drawing by Arthur Craco, 1890, Prints Department of the Royal Library of Belgium, S.IV 109182.jpg
Q137393939,Design for a green and red vase or candle holder, drawing by Arthur Craco, 1890, Prints Department of the Royal Library of Belgium, S.IV 109183.jpg
Q137393940,Design for a green and red vase or candle holder, drawing by Arthur Craco, 1890, Prints Department of the Royal Library of Belgium, S.IV 109184.jpg
Q137393941,Design for a ceramic flower sculpture, drawing by Arthur Craco, 1890, Prints Department of the Royal Library of Belgium, S.IV 109186.jpg
Q137393943,Design for a ceramic flower sculpture, drawing by Arthur Craco, 1890, Prints Department of the Royal Library of Belgium, S.IV 109185.jpg
Q137393944,Design for an elongated vase, drawing by Arthur Craco, 1890, Prints Department of the Royal Library of Belgium, S.IV 109171.jpg
Q137393945,Design for a ceramic flower cup, drawing by Arthur Craco, 1890, Prints Department of the Royal Library of Belgium, S.IV 109169.jpg
Q137393946,Design for a jug, drawing by Arthur Craco, 1890, Prints Department of the Royal Library of Belgium, S.IV 109168.jpg
Q137393949,Design for a blue and green vase or candle holder, drawing by Arthur Craco, 1890, Prints Department of the Royal Library of Belgium, S.IV 109180.jpg
Q137393950,Designs for flower pots and architectural details (recto), drawing by Arthur Craco, 1890, Prints Department of the Royal Library of Belgium, S.IV 109188.jpg
Q137393951,Design for a vase, drawing by Arthur Craco, 1890, Prints Department of the Royal Library of Belgium, S.IV 109187.jpg
Q137393952,Design for a jug, drawing by Arthur Craco, 1890, Prints Department of the Royal Library of Belgium, S.IV 109189.jpg
Q137393954,Design for a door frame, drawing by Arthur Craco, 1890, Prints Department of the Royal Library of Belgium, S.IV 109251.jpg
Q137393955,Design for a door frame, drawing by Arthur Craco, 1890, Prints Department of the Royal Library of Belgium, S.IV 109250.jpg
